command,mean,stddev,median,user,system,min,max
python main.py,0.29679396239999994,0.0032279389116308885,0.2966902708,0.07087756,0.022123140000000003,0.2919602493,0.3017455833
