command,mean,stddev,median,user,system,min,max
./target/release/wxrs,0.17938829501499998,0.005486079536871294,0.17788727464,0.00734685,0.0107980125,0.17098339914000002,0.19165844114
